Workbook

Sheet Ad Tracker
A1: Ad ID | B1: Ad name | C1: Launched | D1: Campaign / ad set | E1: Status | F1: Angle | G1: Persona | H1: ob= code | I1: Onboarding frame | J1: Serve / Sell | K1: Formula | L1: Format | M1: Hook (first line) | N1: Primary text | O1: Headline | P1: CTA | Q1: Verse | R1: Spend ($) | S1: Installs | T1: Trials | U1: CTR | V1: Cost per trial | W1: Cost per install | X1: Install to trial | Y1: Verdict | Z1: Why it won / lost (lesson) | AA1: Next action
A2: 120247236178540227 | B2: you cant fight a thought silently | C2: 2026-10-01 | D2: SL Scale | Mind winners / women 25-65 | E2: Live | F2: Mind / thoughts (renewal) | G2: 3am overthinker | H2: renewal | I2: n/a | J2: Serve | K2: #3 Straight Shot | L2: Native slideshow (carousel) | M2: you can't fight a thought silently and win. step 2 is the whole key. save this. | N2: (same as hook) + #christiantiktok #jesus #anxietyrelief #scripture #fyp | O2: SpeakLife: Bible Affirmations App | P2: Download | R2: 0 | S2: 0 | T2: 0 | V2: =IF(AND(ISNUMBER(T2),T2>0),R2/T2,"") | W2: =IF(AND(ISNUMBER(S2),S2>0),R2/S2,"") | X2: =IF(AND(ISNUMBER(S2),S2>0,ISNUMBER(T2)),T2/S2,"") | Y2: =IF(A2="","",IF(N(R2)<Settings!$B$4*Settings!$B$6,"Testing",IF(N(T2)=0,"Kill",IF(V2<=Settings!$B$4,"Winner",IF(V2<=Settings!$B$4*Settings!$B$5,"Watch","Kill"))))) | Z2: Original post loaded by post ID (keeps likes/comments). History: $24 per trial in the old ad set. | AA2: Judge at day 7
A3: 120247236178300227 | B3: 5 ways to renew | C3: 2026-10-01 | D3: SL Scale | Mind winners / women 25-65 | E3: Live | F3: Mind / thoughts (renewal) | G3: Wants real steps | H3: renewal | I3: n/a | J3: Serve | K3: #10 The Menu | L3: Native slideshow (carousel) | M3: renewing the mind sounds vague until you have real steps. number 3 rewired me. | N3: (same as hook) what's your number 1? + #christiantiktok #jesus #renewyourmind #mindset #fyp | O3: SpeakLife: Bible Affirmations App | P3: Download | R3: 0 | S3: 0 | T3: 0 | V3: =IF(AND(ISNUMBER(T3),T3>0),R3/T3,"") | W3: =IF(AND(ISNUMBER(S3),S3>0),R3/S3,"") | X3: =IF(AND(ISNUMBER(S3),S3>0,ISNUMBER(T3)),T3/S3,"") | Y3: =IF(A3="","",IF(N(R3)<Settings!$B$4*Settings!$B$6,"Testing",IF(N(T3)=0,"Kill",IF(V3<=Settings!$B$4,"Winner",IF(V3<=Settings!$B$4*Settings!$B$5,"Watch","Kill"))))) | Z3: Original post loaded by post ID. History: $24 per trial in the old ad set. | AA3: Judge at day 7
A4: 120247236460450227 | B4: V1-video-cantfight-L-renewal | C4: 2026-10-01 | D4: SL Scale | Mind winners / women 25-65 | E4: Paused | F4: Mind / thoughts (renewal) | G4: Woman 50s, 3am thoughts | H4: renewal | I4: Promises | J4: Serve | K4: #3 Straight Shot | L4: Video: b-roll + VO | M4: you can't fight a thought silently and win. | N4: you can't fight a thought silently and win. step 2 is the key. save this for a 3am morning. 1. name it. that's fear talking, not God. 2. find what God says about it. 3. say it out loud. Isaiah 26:3 do it again in the morning. your mind follows your mouth. want a verse ready for every 3am thought? that's what SpeakLife does | O4: A verse for every 3am thought | P4: Download | Q4: Isaiah 26:3 | R4: 0 | S4: 0 | T4: 0 | V4: =IF(AND(ISNUMBER(T4),T4>0),R4/T4,"") | W4: =IF(AND(ISNUMBER(S4),S4>0),R4/S4,"") | X4: =IF(AND(ISNUMBER(S4),S4>0,ISNUMBER(T4)),T4/S4,"") | Y4: =IF(A4="","",IF(N(R4)<Settings!$B$4*Settings!$B$6,"Testing",IF(N(T4)=0,"Kill",IF(V4<=Settings!$B$4,"Winner",IF(V4<=Settings!$B$4*Settings!$B$5,"Watch","Kill"))))) | Z4: Video version of the carousel winner. Tests video vs carousel on the same idea. | AA4: Turn on; judge at day 7
A5: 120247236665610227 | B5: V2-video-5ways-L-renewal | C5: 2026-10-01 | D5: SL Scale | Mind winners / women 25-65 | E5: Paused | F5: Mind / thoughts (renewal) | G5: Woman 50s, daily habit | H5: renewal | I5: Promises | J5: Serve | K5: #10 The Menu | L5: Video: b-roll + VO | M5: renewing your mind sounds vague until you have real steps. | N5: renewing your mind sounds vague until you have real steps. step 4 is where it changes. save this. 1. hear His voice first 2. pick one verse for the day 3. put it where you'll see it 4. say it out loud. 1 Cor 2:16 5. say it through the day, and again before bed. want a verse ready every morning? that's what SpeakLife does | O5: Renew your mind in 5 steps | P5: Download | Q5: 1 Corinthians 2:16 | R5: 0 | S5: 0 | T5: 0 | V5: =IF(AND(ISNUMBER(T5),T5>0),R5/T5,"") | W5: =IF(AND(ISNUMBER(S5),S5>0),R5/S5,"") | X5: =IF(AND(ISNUMBER(S5),S5>0,ISNUMBER(T5)),T5/S5,"") | Y5: =IF(A5="","",IF(N(R5)<Settings!$B$4*Settings!$B$6,"Testing",IF(N(T5)=0,"Kill",IF(V5<=Settings!$B$4,"Winner",IF(V5<=Settings!$B$4*Settings!$B$5,"Watch","Kill"))))) | Z5: Video version of the '5 ways' carousel; real app screen shown at step 5. | AA5: Turn on; judge at day 7
A6: pending | B6: F2-thirddoor-3am-L-renewal | C6: 2026-10-05 | D6: SL Test | Persona x Formula / R1 Formula sweep A | E6: Draft | F6: Mind / thoughts (renewal) | G6: Night overthinker (3am) | H6: renewal | I6: Promises | J6: Serve | K6: #2 Third Door | L6: Native slideshow (carousel) | M6: what do you do with a thought that won't leave at 3am? | O6: Speak to the 3am thought | P6: Download | Q6: Isaiah 26:3 | R6: 0 | S6: 0 | T6: 0 | V6: =IF(AND(ISNUMBER(T6),T6>0),R6/T6,"") | W6: =IF(AND(ISNUMBER(S6),S6>0),R6/S6,"") | X6: =IF(AND(ISNUMBER(S6),S6>0,ISNUMBER(T6)),T6/S6,"") | Y6: =IF(A6="","",IF(N(R6)<Settings!$B$4*Settings!$B$6,"Testing",IF(N(T6)=0,"Kill",IF(V6<=Settings!$B$4,"Winner",IF(V6<=Settings!$B$4*Settings!$B$5,"Watch","Kill"))))) | AA6: Upload + launch in R1 ad set
A7: pending | B7: F4-confession-3am-L-renewal | C7: 2026-10-05 | D7: SL Test | Persona x Formula / R1 Formula sweep A | E7: Draft | F7: Mind / thoughts (renewal) | G7: Night overthinker (all day) | H7: renewal | I7: Promises | J7: Sell | K7: #4 Confession | L7: Static + long copy | M7: Is it really "giving it to God" if I'm still thinking about the problem? | O7: I built this for the overthinking | P7: Download | R7: 0 | S7: 0 | T7: 0 | V7: =IF(AND(ISNUMBER(T7),T7>0),R7/T7,"") | W7: =IF(AND(ISNUMBER(S7),S7>0),R7/S7,"") | X7: =IF(AND(ISNUMBER(S7),S7>0,ISNUMBER(T7)),T7/S7,"") | Y7: =IF(A7="","",IF(N(R7)<Settings!$B$4*Settings!$B$6,"Testing",IF(N(T7)=0,"Kill",IF(V7<=Settings!$B$4,"Winner",IF(V7<=Settings!$B$4*Settings!$B$5,"Watch","Kill"))))) | AA7: Upload + launch in R1 ad set
A8: pending | B8: F12-gutcheck-3am-L-renewal | C8: 2026-10-05 | D8: SL Test | Persona x Formula / R1 Formula sweep A | E8: Draft | F8: Mind / thoughts (renewal) | G8: Night overthinker | H8: renewal | I8: Promises | J8: Serve | K8: #12 Gut Check | L8: Static + long copy | M8: When was the last time the loudest voice in your head at night was God's? | O8: Let God have the first word | P8: Download | Q8: Romans 12:2 | R8: 0 | S8: 0 | T8: 0 | V8: =IF(AND(ISNUMBER(T8),T8>0),R8/T8,"") | W8: =IF(AND(ISNUMBER(S8),S8>0),R8/S8,"") | X8: =IF(AND(ISNUMBER(S8),S8>0,ISNUMBER(T8)),T8/S8,"") | Y8: =IF(A8="","",IF(N(R8)<Settings!$B$4*Settings!$B$6,"Testing",IF(N(T8)=0,"Kill",IF(V8<=Settings!$B$4,"Winner",IF(V8<=Settings!$B$4*Settings!$B$5,"Watch","Kill"))))) | AA8: Upload + launch in R1 ad set
A9: pending | B9: F7-zoomin-3am-S-renewal | C9: 2026-10-05 | D9: SL Test | Persona x Formula / R1 Formula sweep A | E9: Draft | F9: Mind / thoughts (renewal) | G9: Night overthinker | H9: renewal | I9: Promises | J9: Sell | K9: #7 Zoom In | L9: App demo | M9: One line on the screen. Each word lights up as you say it. | O9: Say it. Watch it light up. | P9: Download | Q9: 1 Corinthians 2:16 | R9: 0 | S9: 0 | T9: 0 | V9: =IF(AND(ISNUMBER(T9),T9>0),R9/T9,"") | W9: =IF(AND(ISNUMBER(S9),S9>0),R9/S9,"") | X9: =IF(AND(ISNUMBER(S9),S9>0,ISNUMBER(T9)),T9/S9,"") | Y9: =IF(A9="","",IF(N(R9)<Settings!$B$4*Settings!$B$6,"Testing",IF(N(T9)=0,"Kill",IF(V9<=Settings!$B$4,"Winner",IF(V9<=Settings!$B$4*Settings!$B$5,"Watch","Kill"))))) | Z9: Needs founder screen recording of the speak card before it can ship. | AA9: Upload + launch in R1 ad set
A10: pending | B10: F1-revival-3am-L-renewal | C10: 2026-10-05 | D10: SL Test | Persona x Formula / R1 Formula sweep A | E10: Draft | F10: Mind / thoughts (renewal) | G10: Night overthinker (midnight) | H10: renewal | I10: Promises | J10: Sell | K10: #1 Revival Reel | L10: Static + long copy | M10: For the ones still awake at midnight, running the same conversation for the tenth time: | O10: Fall asleep on a promise | P10: Download | Q10: John 14:27 | R10: 0 | S10: 0 | T10: 0 | V10: =IF(AND(ISNUMBER(T10),T10>0),R10/T10,"") | W10: =IF(AND(ISNUMBER(S10),S10>0),R10/S10,"") | X10: =IF(AND(ISNUMBER(S10),S10>0,ISNUMBER(T10)),T10/S10,"") | Y10: =IF(A10="","",IF(N(R10)<Settings!$B$4*Settings!$B$6,"Testing",IF(N(T10)=0,"Kill",IF(V10<=Settings!$B$4,"Winner",IF(V10<=Settings!$B$4*Settings!$B$5,"Watch","Kill"))))) | AA10: Upload + launch in R1 ad set
A11: 120247271757820227 | B11: VAR-hookA-thought-renewal | C11: 2026-10-03 | D11: SL Test | Persona x Formula / Winner Variants | E11: Paused | F11: Mind / thoughts (renewal) | G11: Night worrier | H11: renewal | I11: Promises | J11: Serve | K11: #10 The Menu | L11: Native slideshow (carousel) | M11: you can't argue a thought away in your head (step 2 is the key) | P11: Download | R11: 0 | S11: 0 | T11: 0 | V11: =IF(AND(ISNUMBER(T11),T11>0),R11/T11,"") | W11: =IF(AND(ISNUMBER(S11),S11>0),R11/S11,"") | X11: =IF(AND(ISNUMBER(S11),S11>0,ISNUMBER(T11)),T11/S11,"") | Y11: =IF(A11="","",IF(N(R11)<Settings!$B$4*Settings!$B$6,"Testing",IF(N(T11)=0,"Kill",IF(V11<=Settings!$B$4,"Winner",IF(V11<=Settings!$B$4*Settings!$B$5,"Watch","Kill"))))) | Z11: New hook only; slides 2-7 identical to the winner | AA11: Turn on; judge at day 7
A12: 120247271758270227 | B12: VAR-hookB-thought-renewal | C12: 2026-10-03 | D12: SL Test | Persona x Formula / Winner Variants | E12: Paused | F12: Mind / thoughts (renewal) | G12: Night worrier | H12: renewal | I12: Promises | J12: Serve | K12: #10 The Menu | L12: Native slideshow (carousel) | M12: the thought gets louder when you stay quiet (step 2 is the key) | P12: Download | R12: 0 | S12: 0 | T12: 0 | V12: =IF(AND(ISNUMBER(T12),T12>0),R12/T12,"") | W12: =IF(AND(ISNUMBER(S12),S12>0),R12/S12,"") | X12: =IF(AND(ISNUMBER(S12),S12>0,ISNUMBER(T12)),T12/S12,"") | Y12: =IF(A12="","",IF(N(R12)<Settings!$B$4*Settings!$B$6,"Testing",IF(N(T12)=0,"Kill",IF(V12<=Settings!$B$4,"Winner",IF(V12<=Settings!$B$4*Settings!$B$5,"Watch","Kill"))))) | Z12: New hook only; slides 2-7 identical to the winner | AA12: Turn on; judge at day 7
A13: 120247271758420227 | B13: VAR-fear-job-provision | C13: 2026-10-03 | D13: SL Test | Persona x Formula / Winner Variants | E13: Paused | F13: Losing a job | G13: Night worrier | H13: provision | I13: Promises | J13: Serve | K13: #10 The Menu | L13: Native slideshow (carousel) | M13: how to fight the fear of losing your job with scripture (step 2 is the key) | P13: Download | R13: 0 | S13: 0 | T13: 0 | V13: =IF(AND(ISNUMBER(T13),T13>0),R13/T13,"") | W13: =IF(AND(ISNUMBER(S13),S13>0),R13/S13,"") | X13: =IF(AND(ISNUMBER(S13),S13>0,ISNUMBER(T13)),T13/S13,"") | Y13: =IF(A13="","",IF(N(R13)<Settings!$B$4*Settings!$B$6,"Testing",IF(N(T13)=0,"Kill",IF(V13<=Settings!$B$4,"Winner",IF(V13<=Settings!$B$4*Settings!$B$5,"Watch","Kill"))))) | Z13: Winner structure, job fear + Deut 31:8 | AA13: Turn on; judge at day 7
A14: 120247271758630227 | B14: VAR-fear-health-fear | C14: 2026-10-03 | D14: SL Test | Persona x Formula / Winner Variants | E14: Paused | F14: Fear & anxiety | G14: Night worrier | H14: fear | I14: Promises | J14: Serve | K14: #10 The Menu | L14: Native slideshow (carousel) | M14: how to fight a health scare with scripture (step 2 is the key) | P14: Download | R14: 0 | S14: 0 | T14: 0 | V14: =IF(AND(ISNUMBER(T14),T14>0),R14/T14,"") | W14: =IF(AND(ISNUMBER(S14),S14>0),R14/S14,"") | X14: =IF(AND(ISNUMBER(S14),S14>0,ISNUMBER(T14)),T14/S14,"") | Y14: =IF(A14="","",IF(N(R14)<Settings!$B$4*Settings!$B$6,"Testing",IF(N(T14)=0,"Kill",IF(V14<=Settings!$B$4,"Winner",IF(V14<=Settings!$B$4*Settings!$B$5,"Watch","Kill"))))) | Z14: Winner structure, health fear + Isaiah 41:10 | AA14: Turn on; judge at day 7
A15: 120247271758860227 | B15: VAR-fear-harm-command | C15: 2026-10-03 | D15: SL Test | Persona x Formula / Winner Variants | E15: Paused | F15: Protection | G15: Night worrier | H15: command | I15: Promises | J15: Serve | K15: #10 The Menu | L15: Native slideshow (carousel) | M15: how to fight the fear of harm with scripture (step 2 is the key) | P15: Download | R15: 0 | S15: 0 | T15: 0 | V15: =IF(AND(ISNUMBER(T15),T15>0),R15/T15,"") | W15: =IF(AND(ISNUMBER(S15),S15>0),R15/S15,"") | X15: =IF(AND(ISNUMBER(S15),S15>0,ISNUMBER(T15)),T15/S15,"") | Y15: =IF(A15="","",IF(N(R15)<Settings!$B$4*Settings!$B$6,"Testing",IF(N(T15)=0,"Kill",IF(V15<=Settings!$B$4,"Winner",IF(V15<=Settings!$B$4*Settings!$B$5,"Watch","Kill"))))) | Z15: Winner structure, harm fear + Isaiah 54:17 | AA15: Turn on; judge at day 7
V16: =IF(AND(ISNUMBER(T16),T16>0),R16/T16,"") | W16: =IF(AND(ISNUMBER(S16),S16>0),R16/S16,"") | X16: =IF(AND(ISNUMBER(S16),S16>0,ISNUMBER(T16)),T16/S16,"") | Y16: =IF(A16="","",IF(N(R16)<Settings!$B$4*Settings!$B$6,"Testing",IF(N(T16)=0,"Kill",IF(V16<=Settings!$B$4,"Winner",IF(V16<=Settings!$B$4*Settings!$B$5,"Watch","Kill")))))
V17: =IF(AND(ISNUMBER(T17),T17>0),R17/T17,"") | W17: =IF(AND(ISNUMBER(S17),S17>0),R17/S17,"") | X17: =IF(AND(ISNUMBER(S17),S17>0,ISNUMBER(T17)),T17/S17,"") | Y17: =IF(A17="","",IF(N(R17)<Settings!$B$4*Settings!$B$6,"Testing",IF(N(T17)=0,"Kill",IF(V17<=Settings!$B$4,"Winner",IF(V17<=Settings!$B$4*Settings!$B$5,"Watch","Kill")))))
V18: =IF(AND(ISNUMBER(T18),T18>0),R18/T18,"") | W18: =IF(AND(ISNUMBER(S18),S18>0),R18/S18,"") | X18: =IF(AND(ISNUMBER(S18),S18>0,ISNUMBER(T18)),T18/S18,"") | Y18: =IF(A18="","",IF(N(R18)<Settings!$B$4*Settings!$B$6,"Testing",IF(N(T18)=0,"Kill",IF(V18<=Settings!$B$4,"Winner",IF(V18<=Settings!$B$4*Settings!$B$5,"Watch","Kill")))))
V19: =IF(AND(ISNUMBER(T19),T19>0),R19/T19,"") | W19: =IF(AND(ISNUMBER(S19),S19>0),R19/S19,"") | X19: =IF(AND(ISNUMBER(S19),S19>0,ISNUMBER(T19)),T19/S19,"") | Y19: =IF(A19="","",IF(N(R19)<Settings!$B$4*Settings!$B$6,"Testing",IF(N(T19)=0,"Kill",IF(V19<=Settings!$B$4,"Winner",IF(V19<=Settings!$B$4*Settings!$B$5,"Watch","Kill")))))
V20: =IF(AND(ISNUMBER(T20),T20>0),R20/T20,"") | W20: =IF(AND(ISNUMBER(S20),S20>0),R20/S20,"") | X20: =IF(AND(ISNUMBER(S20),S20>0,ISNUMBER(T20)),T20/S20,"") | Y20: =IF(A20="","",IF(N(R20)<Settings!$B$4*Settings!$B$6,"Testing",IF(N(T20)=0,"Kill",IF(V20<=Settings!$B$4,"Winner",IF(V20<=Settings!$B$4*Settings!$B$5,"Watch","Kill")))))
V21: =IF(AND(ISNUMBER(T21),T21>0),R21/T21,"") | W21: =IF(AND(ISNUMBER(S21),S21>0),R21/S21,"") | X21: =IF(AND(ISNUMBER(S21),S21>0,ISNUMBER(T21)),T21/S21,"") | Y21: =IF(A21="","",IF(N(R21)<Settings!$B$4*Settings!$B$6,"Testing",IF(N(T21)=0,"Kill",IF(V21<=Settings!$B$4,"Winner",IF(V21<=Settings!$B$4*Settings!$B$5,"Watch","Kill")))))
V22: =IF(AND(ISNUMBER(T22),T22>0),R22/T22,"") | W22: =IF(AND(ISNUMBER(S22),S22>0),R22/S22,"") | X22: =IF(AND(ISNUMBER(S22),S22>0,ISNUMBER(T22)),T22/S22,"") | Y22: =IF(A22="","",IF(N(R22)<Settings!$B$4*Settings!$B$6,"Testing",IF(N(T22)=0,"Kill",IF(V22<=Settings!$B$4,"Winner",IF(V22<=Settings!$B$4*Settings!$B$5,"Watch","Kill")))))
V23: =IF(AND(ISNUMBER(T23),T23>0),R23/T23,"") | W23: =IF(AND(ISNUMBER(S23),S23>0),R23/S23,"") | X23: =IF(AND(ISNUMBER(S23),S23>0,ISNUMBER(T23)),T23/S23,"") | Y23: =IF(A23="","",IF(N(R23)<Settings!$B$4*Settings!$B$6,"Testing",IF(N(T23)=0,"Kill",IF(V23<=Settings!$B$4,"Winner",IF(V23<=Settings!$B$4*Settings!$B$5,"Watch","Kill")))))
V24: =IF(AND(ISNUMBER(T24),T24>0),R24/T24,"") | W24: =IF(AND(ISNUMBER(S24),S24>0),R24/S24,"") | X24: =IF(AND(ISNUMBER(S24),S24>0,ISNUMBER(T24)),T24/S24,"") | Y24: =IF(A24="","",IF(N(R24)<Settings!$B$4*Settings!$B$6,"Testing",IF(N(T24)=0,"Kill",IF(V24<=Settings!$B$4,"Winner",IF(V24<=Settings!$B$4*Settings!$B$5,"Watch","Kill")))))
V25: =IF(AND(ISNUMBER(T25),T25>0),R25/T25,"") | W25: =IF(AND(ISNUMBER(S25),S25>0),R25/S25,"") | X25: =IF(AND(ISNUMBER(S25),S25>0,ISNUMBER(T25)),T25/S25,"") | Y25: =IF(A25="","",IF(N(R25)<Settings!$B$4*Settings!$B$6,"Testing",IF(N(T25)=0,"Kill",IF(V25<=Settings!$B$4,"Winner",IF(V25<=Settings!$B$4*Settings!$B$5,"Watch","Kill")))))
V26: =IF(AND(ISNUMBER(T26),T26>0),R26/T26,"") | W26: =IF(AND(ISNUMBER(S26),S26>0),R26/S26,"") | X26: =IF(AND(ISNUMBER(S26),S26>0,ISNUMBER(T26)),T26/S26,"") | Y26: =IF(A26="","",IF(N(R26)<Settings!$B$4*Settings!$B$6,"Testing",IF(N(T26)=0,"Kill",IF(V26<=Settings!$B$4,"Winner",IF(V26<=Settings!$B$4*Settings!$B$5,"Watch","Kill")))))
V27: =IF(AND(ISNUMBER(T27),T27>0),R27/T27,"") | W27: =IF(AND(ISNUMBER(S27),S27>0),R27/S27,"") | X27: =IF(AND(ISNUMBER(S27),S27>0,ISNUMBER(T27)),T27/S27,"") | Y27: =IF(A27="","",IF(N(R27)<Settings!$B$4*Settings!$B$6,"Testing",IF(N(T27)=0,"Kill",IF(V27<=Settings!$B$4,"Winner",IF(V27<=Settings!$B$4*Settings!$B$5,"Watch","Kill")))))
... V300: =IF(AND(ISNUMBER(T300),T300>0),R300/T300,"") | W300: =IF(AND(ISNUMBER(S300),S300>0),R300/S300,"") | X300: =IF(AND(ISNUMBER(S300),S300>0,ISNUMBER(T300)),T300/S300,"") | Y300: =IF(A300="","",IF(N(R300)<Settings!$B$4*Settings!$B$6,"Testing",IF(N(T300)=0,"Kill",IF(V300<=Settings!$B$4,"Winner",IF(V300<=Settings!$B$4*Settings!$B$5,"Watch","Kill")))))

Sheet Angles
A1: Angle | B1: ob= code | C1: Anchor verses | D1: Notes | E1: # ads | F1: Spend ($) | G1: Trials | H1: Blended cost per trial | I1: Best cost per trial | J1: # winners
A2: Mind / thoughts (renewal) | B2: renewal | C2: Romans 12:2, 1 Cor 2:16, Isaiah 26:3 | D2: Best storm on the account. Serve slideshows $24 CPT. | E2: =COUNTIF('Ad Tracker'!$F$2:$F$300,$A2) | F2: =SUMIFS('Ad Tracker'!$R$2:$R$300,'Ad Tracker'!$F$2:$F$300,$A2) | G2: =SUMIFS('Ad Tracker'!$T$2:$T$300,'Ad Tracker'!$F$2:$F$300,$A2) | H2: =IF(G2>0,F2/G2,"") | I2: =IFERROR(1/(1/_xlfn.MINIFS('Ad Tracker'!$V$2:$V$300,'Ad Tracker'!$F$2:$F$300,$A2,'Ad Tracker'!$V$2:$V$300,">0")),"") | J2: =COUNTIFS('Ad Tracker'!$F$2:$F$300,$A2,'Ad Tracker'!$Y$2:$Y$300,"Winner")
A3: Fear & anxiety | B3: anxiety | C3: Isaiah 26:3, 2 Tim 1:7 | D3: Naming 'anxiety' lost; frame as thoughts instead. | E3: =COUNTIF('Ad Tracker'!$F$2:$F$300,$A3) | F3: =SUMIFS('Ad Tracker'!$R$2:$R$300,'Ad Tracker'!$F$2:$F$300,$A3) | G3: =SUMIFS('Ad Tracker'!$T$2:$T$300,'Ad Tracker'!$F$2:$F$300,$A3) | H3: =IF(G3>0,F3/G3,"") | I3: =IFERROR(1/(1/_xlfn.MINIFS('Ad Tracker'!$V$2:$V$300,'Ad Tracker'!$F$2:$F$300,$A3,'Ad Tracker'!$V$2:$V$300,">0")),"") | J3: =COUNTIFS('Ad Tracker'!$F$2:$F$300,$A3,'Ad Tracker'!$Y$2:$Y$300,"Winner")
A4: Promises / trust | B4: promises | C4: 2 Cor 1:20, 1 Kings 8:56 | D4: 'The promise is settled' $26 CPT. | E4: =COUNTIF('Ad Tracker'!$F$2:$F$300,$A4) | F4: =SUMIFS('Ad Tracker'!$R$2:$R$300,'Ad Tracker'!$F$2:$F$300,$A4) | G4: =SUMIFS('Ad Tracker'!$T$2:$T$300,'Ad Tracker'!$F$2:$F$300,$A4) | H4: =IF(G4>0,F4/G4,"") | I4: =IFERROR(1/(1/_xlfn.MINIFS('Ad Tracker'!$V$2:$V$300,'Ad Tracker'!$F$2:$F$300,$A4,'Ad Tracker'!$V$2:$V$300,">0")),"") | J4: =COUNTIFS('Ad Tracker'!$F$2:$F$300,$A4,'Ad Tracker'!$Y$2:$Y$300,"Winner")
A5: Authority / speak to it | B5: command | C5: Mark 11:23, Mark 4:39 | D5: Mixed; provocative versions pulled clicks not trials. | E5: =COUNTIF('Ad Tracker'!$F$2:$F$300,$A5) | F5: =SUMIFS('Ad Tracker'!$R$2:$R$300,'Ad Tracker'!$F$2:$F$300,$A5) | G5: =SUMIFS('Ad Tracker'!$T$2:$T$300,'Ad Tracker'!$F$2:$F$300,$A5) | H5: =IF(G5>0,F5/G5,"") | I5: =IFERROR(1/(1/_xlfn.MINIFS('Ad Tracker'!$V$2:$V$300,'Ad Tracker'!$F$2:$F$300,$A5,'Ad Tracker'!$V$2:$V$300,">0")),"") | J5: =COUNTIFS('Ad Tracker'!$F$2:$F$300,$A5,'Ad Tracker'!$Y$2:$Y$300,"Winner")
A6: Identity | B6: renewal | C6: 2 Cor 5:17 | D6: Lost as a cold hook. | E6: =COUNTIF('Ad Tracker'!$F$2:$F$300,$A6) | F6: =SUMIFS('Ad Tracker'!$R$2:$R$300,'Ad Tracker'!$F$2:$F$300,$A6) | G6: =SUMIFS('Ad Tracker'!$T$2:$T$300,'Ad Tracker'!$F$2:$F$300,$A6) | H6: =IF(G6>0,F6/G6,"") | I6: =IFERROR(1/(1/_xlfn.MINIFS('Ad Tracker'!$V$2:$V$300,'Ad Tracker'!$F$2:$F$300,$A6,'Ad Tracker'!$V$2:$V$300,">0")),"") | J6: =COUNTIFS('Ad Tracker'!$F$2:$F$300,$A6,'Ad Tracker'!$Y$2:$Y$300,"Winner")
A7: Health / healing | B7: healing | C7: Psalm 107:20, Isaiah 53:5 | D7: Untested in this account. Storm onboarding ready. | E7: =COUNTIF('Ad Tracker'!$F$2:$F$300,$A7) | F7: =SUMIFS('Ad Tracker'!$R$2:$R$300,'Ad Tracker'!$F$2:$F$300,$A7) | G7: =SUMIFS('Ad Tracker'!$T$2:$T$300,'Ad Tracker'!$F$2:$F$300,$A7) | H7: =IF(G7>0,F7/G7,"") | I7: =IFERROR(1/(1/_xlfn.MINIFS('Ad Tracker'!$V$2:$V$300,'Ad Tracker'!$F$2:$F$300,$A7,'Ad Tracker'!$V$2:$V$300,">0")),"") | J7: =COUNTIFS('Ad Tracker'!$F$2:$F$300,$A7,'Ad Tracker'!$Y$2:$Y$300,"Winner")
A8: Provision | B8: provision | C8: Philippians 4:19 | D8: Untested. | E8: =COUNTIF('Ad Tracker'!$F$2:$F$300,$A8) | F8: =SUMIFS('Ad Tracker'!$R$2:$R$300,'Ad Tracker'!$F$2:$F$300,$A8) | G8: =SUMIFS('Ad Tracker'!$T$2:$T$300,'Ad Tracker'!$F$2:$F$300,$A8) | H8: =IF(G8>0,F8/G8,"") | I8: =IFERROR(1/(1/_xlfn.MINIFS('Ad Tracker'!$V$2:$V$300,'Ad Tracker'!$F$2:$F$300,$A8,'Ad Tracker'!$V$2:$V$300,">0")),"") | J8: =COUNTIFS('Ad Tracker'!$F$2:$F$300,$A8,'Ad Tracker'!$Y$2:$Y$300,"Winner")
A9: Grief | B9: grief | C9: Psalm 34:18 | D9: Untested; onboarding arm exists. | E9: =COUNTIF('Ad Tracker'!$F$2:$F$300,$A9) | F9: =SUMIFS('Ad Tracker'!$R$2:$R$300,'Ad Tracker'!$F$2:$F$300,$A9) | G9: =SUMIFS('Ad Tracker'!$T$2:$T$300,'Ad Tracker'!$F$2:$F$300,$A9) | H9: =IF(G9>0,F9/G9,"") | I9: =IFERROR(1/(1/_xlfn.MINIFS('Ad Tracker'!$V$2:$V$300,'Ad Tracker'!$F$2:$F$300,$A9,'Ad Tracker'!$V$2:$V$300,">0")),"") | J9: =COUNTIFS('Ad Tracker'!$F$2:$F$300,$A9,'Ad Tracker'!$Y$2:$Y$300,"Winner")
A10: Marriage | B10: marriage | C10: Mark 10:9 | D10: Untested. | E10: =COUNTIF('Ad Tracker'!$F$2:$F$300,$A10) | F10: =SUMIFS('Ad Tracker'!$R$2:$R$300,'Ad Tracker'!$F$2:$F$300,$A10) | G10: =SUMIFS('Ad Tracker'!$T$2:$T$300,'Ad Tracker'!$F$2:$F$300,$A10) | H10: =IF(G10>0,F10/G10,"") | I10: =IFERROR(1/(1/_xlfn.MINIFS('Ad Tracker'!$V$2:$V$300,'Ad Tracker'!$F$2:$F$300,$A10,'Ad Tracker'!$V$2:$V$300,">0")),"") | J10: =COUNTIFS('Ad Tracker'!$F$2:$F$300,$A10,'Ad Tracker'!$Y$2:$Y$300,"Winner")
A11: Parenting | B11: parenting | C11: Isaiah 54:13 | D11: Untested. | E11: =COUNTIF('Ad Tracker'!$F$2:$F$300,$A11) | F11: =SUMIFS('Ad Tracker'!$R$2:$R$300,'Ad Tracker'!$F$2:$F$300,$A11) | G11: =SUMIFS('Ad Tracker'!$T$2:$T$300,'Ad Tracker'!$F$2:$F$300,$A11) | H11: =IF(G11>0,F11/G11,"") | I11: =IFERROR(1/(1/_xlfn.MINIFS('Ad Tracker'!$V$2:$V$300,'Ad Tracker'!$F$2:$F$300,$A11,'Ad Tracker'!$V$2:$V$300,">0")),"") | J11: =COUNTIFS('Ad Tracker'!$F$2:$F$300,$A11,'Ad Tracker'!$Y$2:$Y$300,"Winner")
A12: Prodigal | B12: prodigal | C12: Luke 15:20 | D12: Untested. | E12: =COUNTIF('Ad Tracker'!$F$2:$F$300,$A12) | F12: =SUMIFS('Ad Tracker'!$R$2:$R$300,'Ad Tracker'!$F$2:$F$300,$A12) | G12: =SUMIFS('Ad Tracker'!$T$2:$T$300,'Ad Tracker'!$F$2:$F$300,$A12) | H12: =IF(G12>0,F12/G12,"") | I12: =IFERROR(1/(1/_xlfn.MINIFS('Ad Tracker'!$V$2:$V$300,'Ad Tracker'!$F$2:$F$300,$A12,'Ad Tracker'!$V$2:$V$300,">0")),"") | J12: =COUNTIFS('Ad Tracker'!$F$2:$F$300,$A12,'Ad Tracker'!$Y$2:$Y$300,"Winner")
A13: Purity | B13: purity | C13: Matthew 4:4 | D13: Untested. | E13: =COUNTIF('Ad Tracker'!$F$2:$F$300,$A13) | F13: =SUMIFS('Ad Tracker'!$R$2:$R$300,'Ad Tracker'!$F$2:$F$300,$A13) | G13: =SUMIFS('Ad Tracker'!$T$2:$T$300,'Ad Tracker'!$F$2:$F$300,$A13) | H13: =IF(G13>0,F13/G13,"") | I13: =IFERROR(1/(1/_xlfn.MINIFS('Ad Tracker'!$V$2:$V$300,'Ad Tracker'!$F$2:$F$300,$A13,'Ad Tracker'!$V$2:$V$300,">0")),"") | J13: =COUNTIFS('Ad Tracker'!$F$2:$F$300,$A13,'Ad Tracker'!$Y$2:$Y$300,"Winner")
... A17: Prayer how-to | B17: command | C17: Mark 11:23 | D17: 'how to pray' $37. | E17: =COUNTIF('Ad Tracker'!$F$2:$F$300,$A17) | F17: =SUMIFS('Ad Tracker'!$R$2:$R$300,'Ad Tracker'!$F$2:$F$300,$A17) | G17: =SUMIFS('Ad Tracker'!$T$2:$T$300,'Ad Tracker'!$F$2:$F$300,$A17) | H17: =IF(G17>0,F17/G17,"") | I17: =IFERROR(1/(1/_xlfn.MINIFS('Ad Tracker'!$V$2:$V$300,'Ad Tracker'!$F$2:$F$300,$A17,'Ad Tracker'!$V$2:$V$300,">0")),"") | J17: =COUNTIFS('Ad Tracker'!$F$2:$F$300,$A17,'Ad Tracker'!$Y$2:$Y$300,"Winner")
A18: Product / feature | D18: Feature-led cold ads lost; use demos for warm buyers. | E18: =COUNTIF('Ad Tracker'!$F$2:$F$300,$A18) | F18: =SUMIFS('Ad Tracker'!$R$2:$R$300,'Ad Tracker'!$F$2:$F$300,$A18) | G18: =SUMIFS('Ad Tracker'!$T$2:$T$300,'Ad Tracker'!$F$2:$F$300,$A18) | H18: =IF(G18>0,F18/G18,"") | I18: =IFERROR(1/(1/_xlfn.MINIFS('Ad Tracker'!$V$2:$V$300,'Ad Tracker'!$F$2:$F$300,$A18,'Ad Tracker'!$V$2:$V$300,">0")),"") | J18: =COUNTIFS('Ad Tracker'!$F$2:$F$300,$A18,'Ad Tracker'!$Y$2:$Y$300,"Winner")
A19: Protection | B19: command | C19: Psalm 121:7-8, Psalm 91:11 | D19: New promise angle (see docs/creative/ANGLES.md) | E19: =COUNTIF('Ad Tracker'!$F$2:$F$300,$A19) | F19: =SUMIFS('Ad Tracker'!$R$2:$R$300,'Ad Tracker'!$F$2:$F$300,$A19) | G19: =SUMIFS('Ad Tracker'!$T$2:$T$300,'Ad Tracker'!$F$2:$F$300,$A19) | H19: =IF(G19>0,F19/G19,"") | I19: =IFERROR(1/(1/_xlfn.MINIFS('Ad Tracker'!$V$2:$V$300,'Ad Tracker'!$F$2:$F$300,$A19,'Ad Tracker'!$V$2:$V$300,">0")),"") | J19: =COUNTIFS('Ad Tracker'!$F$2:$F$300,$A19,'Ad Tracker'!$Y$2:$Y$300,"Winner")
A20: Sleep & rest | B20: anxiety | C20: Psalm 4:8 | D20: New promise angle (see docs/creative/ANGLES.md) | E20: =COUNTIF('Ad Tracker'!$F$2:$F$300,$A20) | F20: =SUMIFS('Ad Tracker'!$R$2:$R$300,'Ad Tracker'!$F$2:$F$300,$A20) | G20: =SUMIFS('Ad Tracker'!$T$2:$T$300,'Ad Tracker'!$F$2:$F$300,$A20) | H20: =IF(G20>0,F20/G20,"") | I20: =IFERROR(1/(1/_xlfn.MINIFS('Ad Tracker'!$V$2:$V$300,'Ad Tracker'!$F$2:$F$300,$A20,'Ad Tracker'!$V$2:$V$300,">0")),"") | J20: =COUNTIFS('Ad Tracker'!$F$2:$F$300,$A20,'Ad Tracker'!$Y$2:$Y$300,"Winner")
A21: Growing older | B21: promises | C21: Isaiah 46:4 | D21: New promise angle (see docs/creative/ANGLES.md) | E21: =COUNTIF('Ad Tracker'!$F$2:$F$300,$A21) | F21: =SUMIFS('Ad Tracker'!$R$2:$R$300,'Ad Tracker'!$F$2:$F$300,$A21) | G21: =SUMIFS('Ad Tracker'!$T$2:$T$300,'Ad Tracker'!$F$2:$F$300,$A21) | H21: =IF(G21>0,F21/G21,"") | I21: =IFERROR(1/(1/_xlfn.MINIFS('Ad Tracker'!$V$2:$V$300,'Ad Tracker'!$F$2:$F$300,$A21,'Ad Tracker'!$V$2:$V$300,">0")),"") | J21: =COUNTIFS('Ad Tracker'!$F$2:$F$300,$A21,'Ad Tracker'!$Y$2:$Y$300,"Winner")
A22: Children & grandchildren | B22: parenting | C22: Isaiah 54:13 | D22: New promise angle (see docs/creative/ANGLES.md) | E22: =COUNTIF('Ad Tracker'!$F$2:$F$300,$A22) | F22: =SUMIFS('Ad Tracker'!$R$2:$R$300,'Ad Tracker'!$F$2:$F$300,$A22) | G22: =SUMIFS('Ad Tracker'!$T$2:$T$300,'Ad Tracker'!$F$2:$F$300,$A22) | H22: =IF(G22>0,F22/G22,"") | I22: =IFERROR(1/(1/_xlfn.MINIFS('Ad Tracker'!$V$2:$V$300,'Ad Tracker'!$F$2:$F$300,$A22,'Ad Tracker'!$V$2:$V$300,">0")),"") | J22: =COUNTIFS('Ad Tracker'!$F$2:$F$300,$A22,'Ad Tracker'!$Y$2:$Y$300,"Winner")
A23: Strength when weary | B23: hardtimes | C23: Isaiah 40:31 | D23: New promise angle (see docs/creative/ANGLES.md) | E23: =COUNTIF('Ad Tracker'!$F$2:$F$300,$A23) | F23: =SUMIFS('Ad Tracker'!$R$2:$R$300,'Ad Tracker'!$F$2:$F$300,$A23) | G23: =SUMIFS('Ad Tracker'!$T$2:$T$300,'Ad Tracker'!$F$2:$F$300,$A23) | H23: =IF(G23>0,F23/G23,"") | I23: =IFERROR(1/(1/_xlfn.MINIFS('Ad Tracker'!$V$2:$V$300,'Ad Tracker'!$F$2:$F$300,$A23,'Ad Tracker'!$V$2:$V$300,">0")),"") | J23: =COUNTIFS('Ad Tracker'!$F$2:$F$300,$A23,'Ad Tracker'!$Y$2:$Y$300,"Winner")
A24: Waiting on a promise | B24: promises | C24: 2 Corinthians 1:20 | D24: New promise angle (see docs/creative/ANGLES.md) | E24: =COUNTIF('Ad Tracker'!$F$2:$F$300,$A24) | F24: =SUMIFS('Ad Tracker'!$R$2:$R$300,'Ad Tracker'!$F$2:$F$300,$A24) | G24: =SUMIFS('Ad Tracker'!$T$2:$T$300,'Ad Tracker'!$F$2:$F$300,$A24) | H24: =IF(G24>0,F24/G24,"") | I24: =IFERROR(1/(1/_xlfn.MINIFS('Ad Tracker'!$V$2:$V$300,'Ad Tracker'!$F$2:$F$300,$A24,'Ad Tracker'!$V$2:$V$300,">0")),"") | J24: =COUNTIFS('Ad Tracker'!$F$2:$F$300,$A24,'Ad Tracker'!$Y$2:$Y$300,"Winner")
A25: Guidance & decisions | B25: renewal | C25: Proverbs 3:5-6 | D25: New promise angle (see docs/creative/ANGLES.md) | E25: =COUNTIF('Ad Tracker'!$F$2:$F$300,$A25) | F25: =SUMIFS('Ad Tracker'!$R$2:$R$300,'Ad Tracker'!$F$2:$F$300,$A25) | G25: =SUMIFS('Ad Tracker'!$T$2:$T$300,'Ad Tracker'!$F$2:$F$300,$A25) | H25: =IF(G25>0,F25/G25,"") | I25: =IFERROR(1/(1/_xlfn.MINIFS('Ad Tracker'!$V$2:$V$300,'Ad Tracker'!$F$2:$F$300,$A25,'Ad Tracker'!$V$2:$V$300,">0")),"") | J25: =COUNTIFS('Ad Tracker'!$F$2:$F$300,$A25,'Ad Tracker'!$Y$2:$Y$300,"Winner")
A26: Not alone | B26: promises | C26: Hebrews 13:5 | D26: New promise angle (see docs/creative/ANGLES.md) | E26: =COUNTIF('Ad Tracker'!$F$2:$F$300,$A26) | F26: =SUMIFS('Ad Tracker'!$R$2:$R$300,'Ad Tracker'!$F$2:$F$300,$A26) | G26: =SUMIFS('Ad Tracker'!$T$2:$T$300,'Ad Tracker'!$F$2:$F$300,$A26) | H26: =IF(G26>0,F26/G26,"") | I26: =IFERROR(1/(1/_xlfn.MINIFS('Ad Tracker'!$V$2:$V$300,'Ad Tracker'!$F$2:$F$300,$A26,'Ad Tracker'!$V$2:$V$300,">0")),"") | J26: =COUNTIFS('Ad Tracker'!$F$2:$F$300,$A26,'Ad Tracker'!$Y$2:$Y$300,"Winner")
A27: Shame & the past | B27: renewal | C27: Romans 8:1 | D27: New promise angle (see docs/creative/ANGLES.md) | E27: =COUNTIF('Ad Tracker'!$F$2:$F$300,$A27) | F27: =SUMIFS('Ad Tracker'!$R$2:$R$300,'Ad Tracker'!$F$2:$F$300,$A27) | G27: =SUMIFS('Ad Tracker'!$T$2:$T$300,'Ad Tracker'!$F$2:$F$300,$A27) | H27: =IF(G27>0,F27/G27,"") | I27: =IFERROR(1/(1/_xlfn.MINIFS('Ad Tracker'!$V$2:$V$300,'Ad Tracker'!$F$2:$F$300,$A27,'Ad Tracker'!$V$2:$V$300,">0")),"") | J27: =COUNTIFS('Ad Tracker'!$F$2:$F$300,$A27,'Ad Tracker'!$Y$2:$Y$300,"Winner")
A28: Work & purpose | B28: command | C28: Psalm 90:17 | D28: New promise angle (see docs/creative/ANGLES.md) | E28: =COUNTIF('Ad Tracker'!$F$2:$F$300,$A28) | F28: =SUMIFS('Ad Tracker'!$R$2:$R$300,'Ad Tracker'!$F$2:$F$300,$A28) | G28: =SUMIFS('Ad Tracker'!$T$2:$T$300,'Ad Tracker'!$F$2:$F$300,$A28) | H28: =IF(G28>0,F28/G28,"") | I28: =IFERROR(1/(1/_xlfn.MINIFS('Ad Tracker'!$V$2:$V$300,'Ad Tracker'!$F$2:$F$300,$A28,'Ad Tracker'!$V$2:$V$300,">0")),"") | J28: =COUNTIFS('Ad Tracker'!$F$2:$F$300,$A28,'Ad Tracker'!$Y$2:$Y$300,"Winner")
A29: Joy after a hard season | B29: hardtimes | C29: Psalm 30:5 | D29: New promise angle (see docs/creative/ANGLES.md) | E29: =COUNTIF('Ad Tracker'!$F$2:$F$300,$A29) | F29: =SUMIFS('Ad Tracker'!$R$2:$R$300,'Ad Tracker'!$F$2:$F$300,$A29) | G29: =SUMIFS('Ad Tracker'!$T$2:$T$300,'Ad Tracker'!$F$2:$F$300,$A29) | H29: =IF(G29>0,F29/G29,"") | I29: =IFERROR(1/(1/_xlfn.MINIFS('Ad Tracker'!$V$2:$V$300,'Ad Tracker'!$F$2:$F$300,$A29,'Ad Tracker'!$V$2:$V$300,">0")),"") | J29: =COUNTIFS('Ad Tracker'!$F$2:$F$300,$A29,'Ad Tracker'!$Y$2:$Y$300,"Winner")
A30: Freedom | B30: addiction | C30: John 8:36 | D30: New promise angle (see docs/creative/ANGLES.md) | E30: =COUNTIF('Ad Tracker'!$F$2:$F$300,$A30) | F30: =SUMIFS('Ad Tracker'!$R$2:$R$300,'Ad Tracker'!$F$2:$F$300,$A30) | G30: =SUMIFS('Ad Tracker'!$T$2:$T$300,'Ad Tracker'!$F$2:$F$300,$A30) | H30: =IF(G30>0,F30/G30,"") | I30: =IFERROR(1/(1/_xlfn.MINIFS('Ad Tracker'!$V$2:$V$300,'Ad Tracker'!$F$2:$F$300,$A30,'Ad Tracker'!$V$2:$V$300,">0")),"") | J30: =COUNTIFS('Ad Tracker'!$F$2:$F$300,$A30,'Ad Tracker'!$Y$2:$Y$300,"Winner")
A32: Counts and costs pull from the Ad Tracker 'Angle' column.
A33: ob= code = deep link that lands the ad's persona in the matching onboarding (see speaklife-personas skill).

Sheet Formulas
A1: Formula | B1: Structure (steps) | C1: Best for | D1: Serve / Sell | E1: # ads | F1: Spend ($) | G1: Trials | H1: Blended cost per trial | I1: Best cost per trial | J1: # winners
A2: #1 Revival Reel | B2: Callout > Imagine > The truth is > You can > Product > 3 bullets > This isn't just > CTA | C2: Cold, dream-first | D2: Sell | E2: =COUNTIF('Ad Tracker'!$K$2:$K$300,$A2) | F2: =SUMIFS('Ad Tracker'!$R$2:$R$300,'Ad Tracker'!$K$2:$K$300,$A2) | G2: =SUMIFS('Ad Tracker'!$T$2:$T$300,'Ad Tracker'!$K$2:$K$300,$A2) | H2: =IF(G2>0,F2/G2,"") | I2: =IFERROR(1/(1/_xlfn.MINIFS('Ad Tracker'!$V$2:$V$300,'Ad Tracker'!$K$2:$K$300,$A2,'Ad Tracker'!$V$2:$V$300,">0")),"") | J2: =COUNTIFS('Ad Tracker'!$K$2:$K$300,$A2,'Ad Tracker'!$Y$2:$Y$300,"Winner")
A3: #2 Third Door | B3: Core question > Door 1 > Door 2 > Or... (speak like Jesus) > mechanism > 3 bullets > payoff > CTA | C3: Cold, tried-everything | D3: Serve or Sell | E3: =COUNTIF('Ad Tracker'!$K$2:$K$300,$A3) | F3: =SUMIFS('Ad Tracker'!$R$2:$R$300,'Ad Tracker'!$K$2:$K$300,$A3) | G3: =SUMIFS('Ad Tracker'!$T$2:$T$300,'Ad Tracker'!$K$2:$K$300,$A3) | H3: =IF(G3>0,F3/G3,"") | I3: =IFERROR(1/(1/_xlfn.MINIFS('Ad Tracker'!$V$2:$V$300,'Ad Tracker'!$K$2:$K$300,$A3,'Ad Tracker'!$V$2:$V$300,">0")),"") | J3: =COUNTIFS('Ad Tracker'!$K$2:$K$300,$A3,'Ad Tracker'!$Y$2:$Y$300,"Winner")
A4: #3 Straight Shot | B4: 1-line problem > Introducing > 3 rapid benefits > offer > CTA (<75 words) | C4: Nudge, pair with #2 | D4: Sell | E4: =COUNTIF('Ad Tracker'!$K$2:$K$300,$A4) | F4: =SUMIFS('Ad Tracker'!$R$2:$R$300,'Ad Tracker'!$K$2:$K$300,$A4) | G4: =SUMIFS('Ad Tracker'!$T$2:$T$300,'Ad Tracker'!$K$2:$K$300,$A4) | H4: =IF(G4>0,F4/G4,"") | I4: =IFERROR(1/(1/_xlfn.MINIFS('Ad Tracker'!$V$2:$V$300,'Ad Tracker'!$K$2:$K$300,$A4,'Ad Tracker'!$V$2:$V$300,">0")),"") | J4: =COUNTIFS('Ad Tracker'!$K$2:$K$300,$A4,'Ad Tracker'!$Y$2:$Y$300,"Winner")
A5: #4 Confession | B5: Honest question > I was tired of > So I built > reframe > how it feels > invite > CTA | C5: Founder voice, relatable | D5: Sell | E5: =COUNTIF('Ad Tracker'!$K$2:$K$300,$A5) | F5: =SUMIFS('Ad Tracker'!$R$2:$R$300,'Ad Tracker'!$K$2:$K$300,$A5) | G5: =SUMIFS('Ad Tracker'!$T$2:$T$300,'Ad Tracker'!$K$2:$K$300,$A5) | H5: =IF(G5>0,F5/G5,"") | I5: =IFERROR(1/(1/_xlfn.MINIFS('Ad Tracker'!$V$2:$V$300,'Ad Tracker'!$K$2:$K$300,$A5,'Ad Tracker'!$V$2:$V$300,">0")),"") | J5: =COUNTIFS('Ad Tracker'!$K$2:$K$300,$A5,'Ad Tracker'!$Y$2:$Y$300,"Winner")
A6: #5 Feature Box | B6: Frustration > Introducing > who + what happens > 3 vivid feature bullets > time/effort > CTA | C6: Warm, feature-specific | D6: Sell | E6: =COUNTIF('Ad Tracker'!$K$2:$K$300,$A6) | F6: =SUMIFS('Ad Tracker'!$R$2:$R$300,'Ad Tracker'!$K$2:$K$300,$A6) | G6: =SUMIFS('Ad Tracker'!$T$2:$T$300,'Ad Tracker'!$K$2:$K$300,$A6) | H6: =IF(G6>0,F6/G6,"") | I6: =IFERROR(1/(1/_xlfn.MINIFS('Ad Tracker'!$V$2:$V$300,'Ad Tracker'!$K$2:$K$300,$A6,'Ad Tracker'!$V$2:$V$300,">0")),"") | J6: =COUNTIFS('Ad Tracker'!$K$2:$K$300,$A6,'Ad Tracker'!$Y$2:$Y$300,"Winner")
A7: #6 The Moment | B7: Declare the season > this [season] > instead of just > product > 3 It's lines > timing > CTA | C7: Holidays: Easter, New Year... | D7: Serve or Sell | E7: =COUNTIF('Ad Tracker'!$K$2:$K$300,$A7) | F7: =SUMIFS('Ad Tracker'!$R$2:$R$300,'Ad Tracker'!$K$2:$K$300,$A7) | G7: =SUMIFS('Ad Tracker'!$T$2:$T$300,'Ad Tracker'!$K$2:$K$300,$A7) | H7: =IF(G7>0,F7/G7,"") | I7: =IFERROR(1/(1/_xlfn.MINIFS('Ad Tracker'!$V$2:$V$300,'Ad Tracker'!$K$2:$K$300,$A7,'Ad Tracker'!$V$2:$V$300,">0")),"") | J7: =COUNTIFS('Ad Tracker'!$K$2:$K$300,$A7,'Ad Tracker'!$Y$2:$Y$300,"Winner")
A8: #7 Zoom In | B8: One tiny detail > the action > 3 parallel lines > name it > specs > CTA (<100 words) | C8: Close-up video / demo | D8: Sell | E8: =COUNTIF('Ad Tracker'!$K$2:$K$300,$A8) | F8: =SUMIFS('Ad Tracker'!$R$2:$R$300,'Ad Tracker'!$K$2:$K$300,$A8) | G8: =SUMIFS('Ad Tracker'!$T$2:$T$300,'Ad Tracker'!$K$2:$K$300,$A8) | H8: =IF(G8>0,F8/G8,"") | I8: =IFERROR(1/(1/_xlfn.MINIFS('Ad Tracker'!$V$2:$V$300,'Ad Tracker'!$K$2:$K$300,$A8,'Ad Tracker'!$V$2:$V$300,">0")),"") | J8: =COUNTIFS('Ad Tracker'!$K$2:$K$300,$A8,'Ad Tracker'!$Y$2:$Y$300,"Winner")
A9: #8 Tool Belt | B9: If you [do X] you know [hard part] > This solves that > what it is > Built for x2 > CTA (<60 words) | C9: Already declares daily | D9: Sell | E9: =COUNTIF('Ad Tracker'!$K$2:$K$300,$A9) | F9: =SUMIFS('Ad Tracker'!$R$2:$R$300,'Ad Tracker'!$K$2:$K$300,$A9) | G9: =SUMIFS('Ad Tracker'!$T$2:$T$300,'Ad Tracker'!$K$2:$K$300,$A9) | H9: =IF(G9>0,F9/G9,"") | I9: =IFERROR(1/(1/_xlfn.MINIFS('Ad Tracker'!$V$2:$V$300,'Ad Tracker'!$K$2:$K$300,$A9,'Ad Tracker'!$V$2:$V$300,">0")),"") | J9: =COUNTIFS('Ad Tracker'!$K$2:$K$300,$A9,'Ad Tracker'!$Y$2:$Y$300,"Winner")
A10: #9 Triple Threat | B10: For A, B & C who want X > Imagine if > Introducing > 3 It's lines > CTA (<80 words) | C10: Wide net early in testing | D10: Sell | E10: =COUNTIF('Ad Tracker'!$K$2:$K$300,$A10) | F10: =SUMIFS('Ad Tracker'!$R$2:$R$300,'Ad Tracker'!$K$2:$K$300,$A10) | G10: =SUMIFS('Ad Tracker'!$T$2:$T$300,'Ad Tracker'!$K$2:$K$300,$A10) | H10: =IF(G10>0,F10/G10,"") | I10: =IFERROR(1/(1/_xlfn.MINIFS('Ad Tracker'!$V$2:$V$300,'Ad Tracker'!$K$2:$K$300,$A10,'Ad Tracker'!$V$2:$V$300,">0")),"") | J10: =COUNTIFS('Ad Tracker'!$K$2:$K$300,$A10,'Ad Tracker'!$Y$2:$Y$300,"Winner")
A11: #10 The Menu | B11: Looking for > rich intro > 2-3 use scenarios > labeled Why-it-works bullets > elevate | C11: List / how-to, carousels | D11: Serve | E11: =COUNTIF('Ad Tracker'!$K$2:$K$300,$A11) | F11: =SUMIFS('Ad Tracker'!$R$2:$R$300,'Ad Tracker'!$K$2:$K$300,$A11) | G11: =SUMIFS('Ad Tracker'!$T$2:$T$300,'Ad Tracker'!$K$2:$K$300,$A11) | H11: =IF(G11>0,F11/G11,"") | I11: =IFERROR(1/(1/_xlfn.MINIFS('Ad Tracker'!$V$2:$V$300,'Ad Tracker'!$K$2:$K$300,$A11,'Ad Tracker'!$V$2:$V$300,">0")),"") | J11: =COUNTIFS('Ad Tracker'!$K$2:$K$300,$A11,'Ad Tracker'!$Y$2:$Y$300,"Winner")
A12: #11 The Handoff | B12: Role: imagine > product through their people > what you'll love > commission | C12: Parents speaking over kids, leaders | D12: Sell | E12: =COUNTIF('Ad Tracker'!$K$2:$K$300,$A12) | F12: =SUMIFS('Ad Tracker'!$R$2:$R$300,'Ad Tracker'!$K$2:$K$300,$A12) | G12: =SUMIFS('Ad Tracker'!$T$2:$T$300,'Ad Tracker'!$K$2:$K$300,$A12) | H12: =IF(G12>0,F12/G12,"") | I12: =IFERROR(1/(1/_xlfn.MINIFS('Ad Tracker'!$V$2:$V$300,'Ad Tracker'!$K$2:$K$300,$A12,'Ad Tracker'!$V$2:$V$300,">0")),"") | J12: =COUNTIFS('Ad Tracker'!$K$2:$K$300,$A12,'Ad Tracker'!$Y$2:$Y$300,"Winner")
A13: #12 Gut Check | B13: Question that hits a quiet worry > product as bridge > 3 deeper-fear bullets > soft/no CTA | C13: Belief-level hooks | D13: Serve | E13: =COUNTIF('Ad Tracker'!$K$2:$K$300,$A13) | F13: =SUMIFS('Ad Tracker'!$R$2:$R$300,'Ad Tracker'!$K$2:$K$300,$A13) | G13: =SUMIFS('Ad Tracker'!$T$2:$T$300,'Ad Tracker'!$K$2:$K$300,$A13) | H13: =IF(G13>0,F13/G13,"") | I13: =IFERROR(1/(1/_xlfn.MINIFS('Ad Tracker'!$V$2:$V$300,'Ad Tracker'!$K$2:$K$300,$A13,'Ad Tracker'!$V$2:$V$300,">0")),"") | J13: =COUNTIFS('Ad Tracker'!$K$2:$K$300,$A13,'Ad Tracker'!$Y$2:$Y$300,"Winner")
... A16: #15 The Invite | B16: For [roles] > Want to...? > Join + friction remover > 2-word CTA (<50 words) | C16: 7-day plan, challenges | D16: Sell | E16: =COUNTIF('Ad Tracker'!$K$2:$K$300,$A16) | F16: =SUMIFS('Ad Tracker'!$R$2:$R$300,'Ad Tracker'!$K$2:$K$300,$A16) | G16: =SUMIFS('Ad Tracker'!$T$2:$T$300,'Ad Tracker'!$K$2:$K$300,$A16) | H16: =IF(G16>0,F16/G16,"") | I16: =IFERROR(1/(1/_xlfn.MINIFS('Ad Tracker'!$V$2:$V$300,'Ad Tracker'!$K$2:$K$300,$A16,'Ad Tracker'!$V$2:$V$300,">0")),"") | J16: =COUNTIFS('Ad Tracker'!$K$2:$K$300,$A16,'Ad Tracker'!$Y$2:$Y$300,"Winner")
A17: Pre-framework / unknown | B17: Ads made before the Copy Vault system | E17: =COUNTIF('Ad Tracker'!$K$2:$K$300,$A17) | F17: =SUMIFS('Ad Tracker'!$R$2:$R$300,'Ad Tracker'!$K$2:$K$300,$A17) | G17: =SUMIFS('Ad Tracker'!$T$2:$T$300,'Ad Tracker'!$K$2:$K$300,$A17) | H17: =IF(G17>0,F17/G17,"") | I17: =IFERROR(1/(1/_xlfn.MINIFS('Ad Tracker'!$V$2:$V$300,'Ad Tracker'!$K$2:$K$300,$A17,'Ad Tracker'!$V$2:$V$300,">0")),"") | J17: =COUNTIFS('Ad Tracker'!$K$2:$K$300,$A17,'Ad Tracker'!$Y$2:$Y$300,"Winner")
A19: Source: The $50K Copy Vault (Marcos Torres), adapted in the faith-ad-formulas skill.
A20: Run each formula long + short across 3-5 personas; one formula can feed 20+ ads.

Sheet Formats
A1: Format | B1: What it is | C1: Notes | D1: # ads | E1: Spend ($) | F1: Trials | G1: Blended cost per trial | H1: Best cost per trial | I1: # winners
A2: Native slideshow (carousel) | B2: Lowercase organic caption, 'step N... save this', 5-7 slides | C2: Best CPT on the account ($24). | D2: =COUNTIF('Ad Tracker'!$L$2:$L$300,$A2) | E2: =SUMIFS('Ad Tracker'!$R$2:$R$300,'Ad Tracker'!$L$2:$L$300,$A2) | F2: =SUMIFS('Ad Tracker'!$T$2:$T$300,'Ad Tracker'!$L$2:$L$300,$A2) | G2: =IF(F2>0,E2/F2,"") | H2: =IFERROR(1/(1/_xlfn.MINIFS('Ad Tracker'!$V$2:$V$300,'Ad Tracker'!$L$2:$L$300,$A2,'Ad Tracker'!$V$2:$V$300,">0")),"") | I2: =COUNTIFS('Ad Tracker'!$L$2:$L$300,$A2,'Ad Tracker'!$Y$2:$Y$300,"Winner")
A3: Video: b-roll + VO | B3: Higgsfield stills > Kling clips > Romy VO > PIL captions > end card | C3: V1/V2 testing from 2026-10-01. | D3: =COUNTIF('Ad Tracker'!$L$2:$L$300,$A3) | E3: =SUMIFS('Ad Tracker'!$R$2:$R$300,'Ad Tracker'!$L$2:$L$300,$A3) | F3: =SUMIFS('Ad Tracker'!$T$2:$T$300,'Ad Tracker'!$L$2:$L$300,$A3) | G3: =IF(F3>0,E3/F3,"") | H3: =IFERROR(1/(1/_xlfn.MINIFS('Ad Tracker'!$V$2:$V$300,'Ad Tracker'!$L$2:$L$300,$A3,'Ad Tracker'!$V$2:$V$300,">0")),"") | I3: =COUNTIFS('Ad Tracker'!$L$2:$L$300,$A3,'Ad Tracker'!$Y$2:$Y$300,"Winner")
A4: Video: UGC | B4: Real creator or AI talking head | C4: Real-ish UGC $45; AI UGC lost ($83). | D4: =COUNTIF('Ad Tracker'!$L$2:$L$300,$A4) | E4: =SUMIFS('Ad Tracker'!$R$2:$R$300,'Ad Tracker'!$L$2:$L$300,$A4) | F4: =SUMIFS('Ad Tracker'!$T$2:$T$300,'Ad Tracker'!$L$2:$L$300,$A4) | G4: =IF(F4>0,E4/F4,"") | H4: =IFERROR(1/(1/_xlfn.MINIFS('Ad Tracker'!$V$2:$V$300,'Ad Tracker'!$L$2:$L$300,$A4,'Ad Tracker'!$V$2:$V$300,">0")),"") | I4: =COUNTIFS('Ad Tracker'!$L$2:$L$300,$A4,'Ad Tracker'!$Y$2:$Y$300,"Winner")
A5: Static + long copy | B5: Image + 150-300 word primary text | C5: High CTR, middling CPT. | D5: =COUNTIF('Ad Tracker'!$L$2:$L$300,$A5) | E5: =SUMIFS('Ad Tracker'!$R$2:$R$300,'Ad Tracker'!$L$2:$L$300,$A5) | F5: =SUMIFS('Ad Tracker'!$T$2:$T$300,'Ad Tracker'!$L$2:$L$300,$A5) | G5: =IF(F5>0,E5/F5,"") | H5: =IFERROR(1/(1/_xlfn.MINIFS('Ad Tracker'!$V$2:$V$300,'Ad Tracker'!$L$2:$L$300,$A5,'Ad Tracker'!$V$2:$V$300,">0")),"") | I5: =COUNTIFS('Ad Tracker'!$L$2:$L$300,$A5,'Ad Tracker'!$Y$2:$Y$300,"Winner")
A6: Static + short copy | B6: Image + 1-4 line primary text | C6: Rewire = volume winner. | D6: =COUNTIF('Ad Tracker'!$L$2:$L$300,$A6) | E6: =SUMIFS('Ad Tracker'!$R$2:$R$300,'Ad Tracker'!$L$2:$L$300,$A6) | F6: =SUMIFS('Ad Tracker'!$T$2:$T$300,'Ad Tracker'!$L$2:$L$300,$A6) | G6: =IF(F6>0,E6/F6,"") | H6: =IFERROR(1/(1/_xlfn.MINIFS('Ad Tracker'!$V$2:$V$300,'Ad Tracker'!$L$2:$L$300,$A6,'Ad Tracker'!$V$2:$V$300,">0")),"") | I6: =COUNTIFS('Ad Tracker'!$L$2:$L$300,$A6,'Ad Tracker'!$Y$2:$Y$300,"Winner")
A7: Text-only | B7: Text card ad | C7: Lost on anxiety framing. | D7: =COUNTIF('Ad Tracker'!$L$2:$L$300,$A7) | E7: =SUMIFS('Ad Tracker'!$R$2:$R$300,'Ad Tracker'!$L$2:$L$300,$A7) | F7: =SUMIFS('Ad Tracker'!$T$2:$T$300,'Ad Tracker'!$L$2:$L$300,$A7) | G7: =IF(F7>0,E7/F7,"") | H7: =IFERROR(1/(1/_xlfn.MINIFS('Ad Tracker'!$V$2:$V$300,'Ad Tracker'!$L$2:$L$300,$A7,'Ad Tracker'!$V$2:$V$300,">0")),"") | I7: =COUNTIFS('Ad Tracker'!$L$2:$L$300,$A7,'Ad Tracker'!$Y$2:$Y$300,"Winner")
A8: App demo | B8: Screen recording of the app | C8: For warm/high-intent; see demo-ad-copy skill. | D8: =COUNTIF('Ad Tracker'!$L$2:$L$300,$A8) | E8: =SUMIFS('Ad Tracker'!$R$2:$R$300,'Ad Tracker'!$L$2:$L$300,$A8) | F8: =SUMIFS('Ad Tracker'!$T$2:$T$300,'Ad Tracker'!$L$2:$L$300,$A8) | G8: =IF(F8>0,E8/F8,"") | H8: =IFERROR(1/(1/_xlfn.MINIFS('Ad Tracker'!$V$2:$V$300,'Ad Tracker'!$L$2:$L$300,$A8,'Ad Tracker'!$V$2:$V$300,">0")),"") | I8: =COUNTIFS('Ad Tracker'!$L$2:$L$300,$A8,'Ad Tracker'!$Y$2:$Y$300,"Winner")
A10: Faith-Scale: test 10-20 genuinely different creatives per round; vary format, not just words.
A11: Make it not look like an ad: serve before you sell.

Sheet Hooks Bank
A1: Hook | B1: Angle | C1: Persona | D1: Formula | E1: Serve / Sell | F1: Format idea | G1: Status | H1: Source / note
A2: you can't fight a thought silently and win. | B2: Mind / thoughts (renewal) | C2: 3am overthinker | D2: #3 Straight Shot | E2: Serve | F2: Native slideshow (carousel) | G2: Shipped | H2: Carousel + V1 video
A3: renewing your mind sounds vague until you have real steps. | B3: Mind / thoughts (renewal) | C3: Wants real steps | D3: #10 The Menu | E3: Serve | F3: Native slideshow (carousel) | G3: Shipped | H3: Carousel + V2 video

Sheet Settings
A1: SpeakLife Ad Tracker: settings & legend
A3: Setting | B3: Value | C3: Note / source
A4: Target cost per trial ($) | B4: 30 | C4: From history: best ads $24-26, volume winners $34-36 (account 253451158661796). Replace with your own target.
A5: Watch band (x target) | B5: 1.5 | C5: Ads between target and target x this are 'Watch'; above it are 'Kill'. Faith-Scale guidance.
A6: Min spend to judge (x target) | B6: 2 | C6: Faith-Scale: don't judge an ad until it has spent at least 2x the target cost.
A7: Min days running | B7: 7 | C7: Faith-Scale: run tests 7-14 days before judging.
A10: HOW TO USE
A11: Yellow cells = you (or Claude) type here. White cells with black text = formulas, don't overwrite.
A12: Blue text = hard-coded inputs (numbers pulled from Meta or set by you).
A13: Ad Tracker: one row per ad. Fill Spend / Installs / Trials / CTR from Ads Manager each week; Cost per trial and Verdict calculate.
A14: Verdict: Testing (not enough spend yet) > Winner (CPT <= target) > Watch (CPT <= target x watch band) > Kill.
A15: Always fill 'Why it won/lost' with a reusable lesson (hook? first 3s? persona? format?), not just 'it won'.
A16: Angles / Formulas / Formats tabs summarize automatically from the Ad Tracker rows.
A17: Hooks Bank: park untested hooks here; move them into the Ad Tracker when they ship.
A18: Ads tracked from campaign SL Scale | Mind winners (Oct 2026), account 253451158661796, trials = start_trial_mobile_app. Past results live in docs/creative/LEARNINGS.md.
A19: Source docs: HIVE Faith-Scale Framework, The $50K Copy Vault, Build Your Creative Engine, 'serve don't sell' email (Marcos Torres).

Sheet Lists
A1: Status | B1: Serve/Sell | C1: Format | D1: Frame | E1: Angle | F1: Formula
A2: Live | B2: Serve | C2: Native slideshow (carousel) | D2: Promises | E2: Mind / thoughts (renewal) | F2: #1 Revival Reel
A3: Paused | B3: Sell | C3: Video: b-roll + VO | D3: Storm | E3: Fear & anxiety | F3: #2 Third Door
A4: Draft | C4: Video: UGC | D4: Angle arm | E4: Promises / trust | F4: #3 Straight Shot
A5: Off | C5: Static + long copy | D5: n/a | E5: Authority / speak to it | F5: #4 Confession
A6: Archived | C6: Static + short copy | E6: Identity | F6: #5 Feature Box
C7: Text-only | E7: Health / healing | F7: #6 The Moment
C8: App demo | E8: Provision | F8: #7 Zoom In
E9: Grief | F9: #8 Tool Belt
E10: Marriage | F10: #9 Triple Threat
E11: Parenting | F11: #10 The Menu
E12: Prodigal | F12: #11 The Handoff
E13: Purity | F13: #12 Gut Check
E14: Addiction | F14: #13 Courtroom
E15: Hard times | F15: #14 Endorsement Ladder
E16: Consistency / habit | F16: #15 The Invite
E17: Prayer how-to | F17: Pre-framework / unknown
E18: Product / feature
E19: Protection
E20: Sleep & rest
E21: Growing older
E22: Children & grandchildren
E23: Strength when weary
E24: Waiting on a promise
E25: Guidance & decisions
E26: Not alone
E27: Shame & the past
E28: Work & purpose
E29: Joy after a hard season
... E31: Losing a job
